ID,Activity name,location,Date,Time
1,Environmental Specialist,Shaghat,3/27/2024,7:18 PM
2,Administrative Officer,Si Ma Cai,10/5/2024,5:55 AM
3,Data Coordinator,Judaydah,2/16/2024,12:44 PM
4,Computer Systems Analyst III,Chipinge,4/18/2024,12:13 AM
5,Electrical Engineer,São Mamede de Infesta,2/14/2024,12:34 PM
6,VP Sales,Jianshan,12/16/2023,4:54 PM
7,Assistant Professor,Polešovice,7/15/2024,8:35 AM
8,Financial Analyst,Kalodzishchy,4/2/2024,1:03 AM
9,Legal Assistant,Altos,10/6/2023,2:08 PM
10,Assistant Media Planner,Yuty,8/21/2024,8:01 PM
11,VP Quality Control,Ankazoabo,8/23/2024,8:13 PM
12,Speech Pathologist,Rokycany,9/21/2024,1:14 PM
13,Legal Assistant,Amboanjo,10/14/2023,11:52 PM
14,Assistant Professor,Kudinovo,9/5/2024,12:22 AM
15,Professor,Florida,4/5/2024,5:49 PM
16,Pharmacist,Jadranovo,10/21/2023,11:49 PM
17,Librarian,Ágios Matthaíos,6/12/2024,6:33 PM
18,Registered Nurse,Karangtengah,9/21/2024,9:58 PM
19,Assistant Professor,Áyios Nikólaos,9/25/2024,5:08 AM
20,Legal Assistant,Ribeirão da Ilha,10/27/2023,6:51 AM
21,Human Resources Manager,Selishche,8/27/2024,1:57 AM
22,Quality Engineer,Nowa Sól,1/16/2024,10:02 PM
23,Product Engineer,Teixoso,2/15/2024,9:10 PM
24,Dental Hygienist,Ressano Garcia,8/12/2024,12:29 AM
25,Database Administrator I,Głuchów,6/16/2024,6:05 AM
26,Editor,Liljendal,1/27/2024,4:33 AM
27,Data Coordinator,Proença-a-Nova,11/3/2023,8:21 PM
28,Community Outreach Specialist,Banyumas,3/6/2024,12:16 AM
29,Payment Adjustment Coordinator,El Tabo,11/16/2023,10:52 AM
30,Human Resources Manager,Dzoraghbyur,12/12/2023,7:33 PM
31,Research Assistant I,Belyye Stolby,12/21/2023,6:24 AM
32,Paralegal,Herálec,7/25/2024,9:44 PM
33,VP Product Management,Trhové Sviny,7/24/2024,4:30 AM
34,Director of Sales,Mount Pearl,4/21/2024,1:40 PM
35,Chemical Engineer,Gostynin,4/17/2024,12:31 AM
36,VP Marketing,Kayasula,10/25/2023,2:35 PM
37,Environmental Tech,Bulu,9/2/2024,10:24 AM
38,Cost Accountant,Huashan,11/23/2023,8:15 AM
39,Graphic Designer,Hongqi,6/25/2024,7:58 AM
40,Legal Assistant,Tarusan,1/15/2024,12:05 PM
41,Marketing Assistant,Teslić,10/17/2023,12:48 AM
42,Statistician III,Corail,2/6/2024,6:06 AM
43,Quality Engineer,Tivat,9/28/2024,1:37 AM
44,Marketing Manager,Frankfurt am Main,3/24/2024,9:58 PM
45,Financial Advisor,Södertälje,4/20/2024,10:44 AM
46,Compensation Analyst,Bunog,1/13/2024,7:16 PM
47,Biostatistician I,Weiyuan,9/15/2024,10:19 PM
48,Senior Developer,Miandrivazo,12/4/2023,5:25 PM
49,GIS Technical Architect,Sar-e Pul,5/27/2024,11:56 PM
50,Speech Pathologist,Yerofey Pavlovich,8/24/2024,7:45 PM
51,Electrical Engineer,Anshan,9/14/2024,8:38 AM
52,Quality Engineer,Pasir,11/3/2023,2:25 AM
53,Budget/Accounting Analyst II,Mazamet,11/30/2023,11:53 AM
54,Analog Circuit Design manager,Zhenping Chengguanzhen,4/8/2024,10:58 AM
55,Database Administrator I,Huanchaco,5/27/2024,5:22 AM
56,General Manager,Mbandjok,12/15/2023,6:28 PM
57,Help Desk Operator,Lanxi,3/11/2024,5:00 AM
58,Desktop Support Technician,Danxia,9/1/2024,5:20 AM
59,Payment Adjustment Coordinator,Welisara,8/18/2024,4:24 PM
60,Civil Engineer,Solânea,11/6/2023,8:44 PM
61,Assistant Media Planner,Santa Maria,5/25/2024,1:47 PM
62,Programmer I,Yanas,5/24/2024,7:39 AM
63,Programmer III,Chābahār,10/19/2023,2:48 PM
64,Chief Design Engineer,Ricardo Palma,4/20/2024,5:40 PM
65,Sales Representative,Vällingby,11/17/2023,7:43 AM
66,Senior Sales Associate,Xinpu,3/7/2024,12:52 PM
67,Senior Cost Accountant,Petrolera,11/25/2023,1:19 PM
68,Chemical Engineer,Wajir,8/4/2024,8:03 AM
69,Assistant Professor,Yanglinshi,7/14/2024,6:17 PM
70,Pharmacist,Novo Hamburgo,11/1/2023,4:05 PM
71,Social Worker,Ciudad Choluteca,6/8/2024,8:40 AM
72,Analog Circuit Design manager,Wenlin,4/25/2024,5:56 PM
73,Payment Adjustment Coordinator,Iḩsim,9/14/2024,4:18 PM
74,Business Systems Development Analyst,Cheongpyeong,11/17/2023,7:01 AM
75,VP Accounting,Kromasan,12/26/2023,6:40 PM
76,Web Designer I,Lingshan,7/27/2024,5:24 PM
77,Quality Control Specialist,Cankova,4/29/2024,1:07 AM
78,Compensation Analyst,Siquanpu,1/13/2024,3:36 PM
79,Accountant I,Glasgow,11/1/2023,10:53 PM
80,Accounting Assistant IV,Itsandra,2/9/2024,11:34 PM
81,Environmental Specialist,Bira,12/29/2023,4:30 AM
82,Human Resources Assistant III,Shuishi,8/15/2024,9:17 PM
83,Account Representative III,Voznesenskoye,11/14/2023,8:47 AM
84,Human Resources Assistant III,Canillo,3/8/2024,9:11 AM
85,Help Desk Technician,Sidaurip,9/15/2024,1:00 AM
86,Occupational Therapist,Xialaba,6/16/2024,12:02 PM
87,Safety Technician IV,Rio Negro,11/8/2023,5:39 PM
88,Pharmacist,Chenyang,1/17/2024,5:14 AM
89,Health Coach I,Pushkin,5/6/2024,8:37 AM
90,Help Desk Technician,Paritaman,10/6/2023,6:58 PM
91,Sales Associate,Sokol’skoye,12/23/2023,1:16 AM
92,Assistant Manager,Borovoy,6/13/2024,8:58 AM
93,Engineer I,Quintong,6/5/2024,5:41 AM
94,Staff Scientist,Nieborów,12/7/2023,5:59 PM
95,Programmer II,Shahrak-e Bākharz,10/21/2023,10:51 PM
96,Food Chemist,Vladivostok,12/9/2023,7:50 AM
97,Paralegal,Papágou,1/21/2024,7:59 AM
98,Librarian,Stepnogorsk,8/4/2024,10:08 PM
99,Mechanical Systems Engineer,Al Qaţn,12/22/2023,10:09 AM
100,Senior Cost Accountant,Mobai,11/27/2023,9:30 AM
101,Quality Control Specialist,Shirochanka,7/13/2024,6:12 AM
102,Assistant Manager,Dahe,8/10/2024,1:59 PM
103,Internal Auditor,Huashu,9/13/2024,3:06 PM
104,Office Assistant II,Beranci,3/6/2024,8:28 PM
105,Nurse,Miami,5/6/2024,2:57 PM
106,Mechanical Systems Engineer,Tabuc Pontevedra,8/19/2024,10:54 AM
107,Senior Sales Associate,Kara Suu,11/11/2023,3:33 AM
108,Editor,Waru Selatan,9/16/2024,11:56 PM
109,Operator,Timurlorong,12/28/2023,4:22 AM
110,Design Engineer,Danderyd,8/31/2024,11:06 AM
111,Information Systems Manager,Solna,12/23/2023,11:55 PM
112,Mechanical Systems Engineer,Sembabule,10/3/2024,9:48 PM
113,Senior Quality Engineer,Gaplokan,12/28/2023,10:16 AM
114,Quality Engineer,Santa Cruz De Tenerife,6/24/2024,11:38 PM
115,Information Systems Manager,Primorsko-Akhtarsk,9/9/2024,8:10 AM
116,Director of Sales,Gudong,1/4/2024,1:06 AM
117,VP Marketing,Xinzhou,4/23/2024,5:32 AM
118,Community Outreach Specialist,Rajsko,8/14/2024,3:24 AM
119,Assistant Professor,Novodmitriyevskaya,8/4/2024,1:26 AM
120,VP Accounting,Tawau,9/22/2024,4:57 PM
121,Graphic Designer,Hato Mayor del Rey,3/26/2024,8:35 AM
122,Occupational Therapist,Rama,12/2/2023,11:05 PM
123,Geologist III,Atamanovka,11/25/2023,6:08 AM
124,Structural Analysis Engineer,Ning’an,7/15/2024,4:02 PM
125,Software Consultant,Tranås,6/22/2024,10:46 PM
126,Account Representative III,Resistencia,7/25/2024,10:40 AM
127,Clinical Specialist,Anse Boileau,6/10/2024,9:11 PM
128,Social Worker,Dajalorong,9/15/2024,4:14 AM
129,Assistant Media Planner,Lijiaxiang,8/23/2024,10:38 PM
130,Sales Associate,Alor Setar,1/29/2024,8:00 PM
131,Quality Control Specialist,Maunatlala,1/18/2024,8:53 PM
132,Junior Executive,Beringinjaya,1/5/2024,3:40 AM
133,Quality Engineer,Sobreira,5/11/2024,6:13 PM
134,Marketing Assistant,Dallas,8/30/2024,5:19 AM
135,Senior Developer,Calsib,11/1/2023,2:36 AM
136,Physical Therapy Assistant,Vila Chã,2/8/2024,8:24 PM
137,Engineer II,Figueiró dos Vinhos,2/26/2024,5:19 PM
138,Community Outreach Specialist,Santo Domingo,4/13/2024,1:05 AM
139,Research Nurse,Dayton,7/19/2024,1:38 PM
140,Marketing Assistant,Čajetina,9/19/2024,1:07 AM
141,Desktop Support Technician,Sundsvall,7/17/2024,4:49 PM
142,Professor,Balauring,1/7/2024,1:21 PM
143,Technical Writer,Malalag,10/29/2023,12:23 PM
144,Project Manager,Stockholm,5/13/2024,3:42 AM
145,Dental Hygienist,Grajaú,11/14/2023,8:48 AM
146,Graphic Designer,Ormstown,4/21/2024,1:03 PM
147,Actuary,Alua,2/20/2024,4:22 AM
148,Budget/Accounting Analyst I,Pakxé,2/20/2024,2:53 PM
149,Biostatistician I,Thành phố Bạc Liêu,9/1/2024,8:46 AM
150,General Manager,Tukuyu,4/25/2024,5:09 PM
151,GIS Technical Architect,Baita,8/17/2024,7:26 AM
152,Civil Engineer,Nedryhayliv,10/9/2023,5:54 AM
153,Web Developer IV,Maykopskoye,10/28/2023,8:13 AM
154,Senior Financial Analyst,Lévis,1/25/2024,9:32 AM
155,Business Systems Development Analyst,Husów,12/9/2023,11:42 AM
156,Budget/Accounting Analyst III,El Copey,9/13/2024,2:50 PM
157,Web Designer I,Cool űrhajó,11/1/2023,6:41 AM
158,Research Associate,Bafoussam,3/18/2024,4:00 AM
159,Editor,Dobje pri Planini,12/16/2023,1:00 PM
160,Pharmacist,Bayan Hure,10/30/2023,5:53 AM
161,Graphic Designer,Al Ghayl,10/15/2023,3:28 AM
162,Health Coach II,Honghai,2/8/2024,10:10 PM
163,Budget/Accounting Analyst III,Luodian,1/24/2024,10:24 AM
164,Sales Associate,Nanterre,6/28/2024,10:46 PM
165,Research Nurse,Trzebinia,8/30/2024,7:02 PM
166,Systems Administrator I,Dresden,7/29/2024,8:29 AM
167,VP Accounting,Matoupu,8/31/2024,8:53 PM
168,Quality Engineer,Évry,12/14/2023,6:32 PM
169,Food Chemist,Rio,7/12/2024,3:33 PM
170,Paralegal,Minchinābād,3/11/2024,12:26 AM
171,Computer Systems Analyst III,Hong’an,11/7/2023,9:35 PM
172,Help Desk Operator,Aksu,2/8/2024,5:27 AM
173,General Manager,Íquira,4/5/2024,10:50 PM
174,Safety Technician IV,Zhujiang,4/7/2024,12:46 PM
175,Director of Sales,Huangtugang,12/2/2023,9:42 PM
176,Community Outreach Specialist,Huilong,4/17/2024,12:58 PM
177,Web Developer IV,Paris 17,4/12/2024,4:30 AM
178,GIS Technical Architect,Sūrīān,8/5/2024,3:06 AM
179,Senior Editor,Baltimore,1/11/2024,3:09 AM
180,Structural Analysis Engineer,Timoulilt,6/30/2024,7:46 PM
181,Tax Accountant,Ntoke,10/18/2023,12:21 AM
182,Sales Associate,Natal,1/8/2024,4:08 PM
183,Account Representative IV,Krasni Okny,7/10/2024,5:36 PM
184,VP Marketing,Kasakh,4/9/2024,7:32 AM
185,Recruiter,Paritjunus,11/9/2023,7:01 PM
186,Internal Auditor,Xique Xique,9/18/2024,1:56 PM
187,Web Developer I,Al Miqdādīyah,4/18/2024,8:55 AM
188,Assistant Manager,Krajan Selatan,2/25/2024,11:41 PM
189,Accounting Assistant II,Fermelã,3/24/2024,6:16 PM
190,Accounting Assistant I,Masantol,8/6/2024,8:47 PM
191,Computer Systems Analyst I,Makiv,10/3/2024,2:11 AM
192,Senior Cost Accountant,Wijewo,4/12/2024,7:32 AM
193,Actuary,Krikil,12/22/2023,12:03 AM
194,Design Engineer,Río Blanco,11/24/2023,12:53 PM
195,Structural Analysis Engineer,Fulin,12/16/2023,10:11 AM
196,Research Associate,Dushk,11/27/2023,11:42 PM
197,Design Engineer,Longshan,12/17/2023,10:17 PM
198,Graphic Designer,Tadianjie,7/3/2024,1:39 AM
199,Web Developer I,Selaawi,2/26/2024,5:43 PM
200,VP Sales,Pojan,12/1/2023,9:37 AM
201,Business Systems Development Analyst,Xingshou,9/11/2024,10:26 PM
202,Accounting Assistant III,Novodmitriyevskaya,3/9/2024,8:10 PM
203,Chief Design Engineer,Posedarje,3/6/2024,7:55 PM
204,Registered Nurse,Rajhradice,10/14/2023,7:14 PM
205,Research Associate,Manutapen,8/10/2024,10:20 AM
206,Speech Pathologist,Buenavista,7/6/2024,11:04 AM
207,VP Quality Control,Tarlac City,2/29/2024,10:36 PM
208,Quality Engineer,Periyiáli,5/15/2024,5:22 PM
209,Senior Developer,Al Jubayhah,6/24/2024,12:18 PM
210,Analyst Programmer,San Vicente de Moravia,5/17/2024,5:05 PM
211,Nuclear Power Engineer,Richmond,8/26/2024,8:17 PM
212,VP Marketing,Torbeck,6/4/2024,2:30 PM
213,Community Outreach Specialist,Ozëry,7/27/2024,8:37 AM
214,Financial Advisor,Horodyshche,10/1/2024,4:53 PM
215,Engineer III,Shikārpur,4/12/2024,7:03 PM
216,Graphic Designer,Shijiazhai,10/15/2023,12:00 PM
217,Electrical Engineer,Wutong,11/9/2023,1:12 AM
218,Research Nurse,Shanggu,10/8/2023,6:18 AM
219,Nurse Practicioner,Guapimirim,2/10/2024,3:17 PM
220,General Manager,São Pedro,8/3/2024,9:43 PM
221,Research Nurse,Besuki,7/30/2024,10:38 AM
222,Software Consultant,Pengfang,3/22/2024,7:06 PM
223,Senior Editor,Mahuta,8/20/2024,3:16 AM
224,Dental Hygienist,Kosmach,5/24/2024,10:02 AM
225,Assistant Professor,Desa Werasari,9/23/2024,7:54 AM
226,Marketing Assistant,Gandu,2/13/2024,6:17 AM
227,Accountant I,Kawagoe,6/30/2024,4:05 AM
228,Legal Assistant,Waco,5/22/2024,2:04 AM
229,General Manager,Birzai,4/27/2024,6:01 AM
230,Dental Hygienist,Xushangqiao,6/24/2024,8:07 AM
231,Programmer Analyst III,Corroios,10/23/2023,11:00 PM
232,Software Consultant,Länsi-Turunmaa,12/19/2023,8:43 AM
233,Registered Nurse,Pointe Michel,10/31/2023,4:55 PM
234,Teacher,Mojocoya,10/25/2023,12:09 AM
235,Nurse Practicioner,Bom Jesus da Lapa,10/21/2023,5:36 AM
236,Senior Developer,Kozlovice,11/25/2023,12:20 AM
237,Senior Sales Associate,Cabuyao,5/17/2024,5:26 AM
238,Information Systems Manager,Jincheng,7/10/2024,1:53 AM
239,General Manager,Stockholm,9/9/2024,10:04 PM
240,Chemical Engineer,Irákleion,8/22/2024,11:00 PM
241,Software Test Engineer IV,Llacanora,10/4/2024,7:53 AM
242,Chemical Engineer,Rennes,2/28/2024,10:20 PM
243,Nurse Practicioner,Düsseldorf,4/13/2024,6:20 PM
244,Health Coach II,Trakai,10/15/2023,12:56 AM
245,Assistant Media Planner,Solok,1/19/2024,12:36 PM
246,VP Sales,Muarapinang,5/21/2024,5:21 AM
247,Database Administrator I,Santo Tomas,11/17/2023,10:12 PM
248,Account Executive,Viraco,12/2/2023,11:15 AM
249,Professor,Hamburg Bramfeld,7/20/2024,3:08 AM
250,Legal Assistant,Bagorejo,7/22/2024,4:48 PM
251,Registered Nurse,Santa Paz,11/23/2023,12:25 AM
252,VP Accounting,Airmata,12/26/2023,2:54 PM
253,Geologist I,Tipaz,7/13/2024,12:42 AM
254,Research Assistant IV,Daet,12/5/2023,10:33 PM
255,Software Engineer I,Al Jafr,11/24/2023,3:58 PM
256,Help Desk Operator,Yonggu,9/25/2024,2:45 PM
257,Staff Scientist,Moutsamoudou,10/18/2023,1:58 AM
258,Senior Cost Accountant,Taiobeiras,4/16/2024,7:42 PM
259,Software Engineer III,Mariestad,1/23/2024,4:03 AM
260,Statistician I,Aygestan,3/20/2024,2:09 PM
261,Biostatistician II,Rana,4/15/2024,1:07 AM
262,Clinical Specialist,Hamburg,1/20/2024,8:05 AM
263,Food Chemist,Jacutinga,3/15/2024,4:11 PM
264,Senior Cost Accountant,Carmen de Viboral,10/26/2023,10:22 PM
265,VP Quality Control,Glencoe,3/6/2024,8:17 AM
266,Technical Writer,Pandean,11/24/2023,6:36 PM
267,Web Developer IV,Camagüey,4/22/2024,10:55 PM
268,Analog Circuit Design manager,Vereya,1/23/2024,5:50 PM
269,Nuclear Power Engineer,Kitapak,11/29/2023,2:52 AM
270,VP Quality Control,Kebon,3/28/2024,5:08 AM
271,Staff Accountant IV,Māmu Kānjan,10/6/2023,12:41 PM
272,Assistant Manager,Louisville,3/27/2024,12:52 PM
273,Electrical Engineer,San Jose,2/3/2024,6:33 AM
274,Quality Engineer,Yangyuan,10/17/2023,3:17 PM
275,Editor,Lianpeng,5/21/2024,9:45 PM
276,Staff Scientist,Al Bāriqīyah,11/26/2023,2:45 AM
277,Tax Accountant,Sekongkang Bawah,9/23/2024,4:11 AM
278,Safety Technician II,General Arenales,2/12/2024,2:50 PM
279,Graphic Designer,Pochayiv,4/21/2024,4:54 PM
280,Chief Design Engineer,Lefkoniko,1/31/2024,8:17 PM
281,Marketing Manager,Dologon,8/3/2024,7:47 AM
282,Senior Developer,Linhares,1/21/2024,12:41 AM
283,Legal Assistant,Dangshun,12/30/2023,7:48 PM
284,Physical Therapy Assistant,Nakusp,6/29/2024,5:58 PM
285,Media Manager I,Dalongdong,4/20/2024,6:18 PM
286,Editor,Jinchang,3/19/2024,9:17 PM
287,Computer Systems Analyst I,Konstantynów,6/17/2024,12:39 PM
288,Account Representative IV,Dmytrivka,11/5/2023,5:09 AM
289,Electrical Engineer,Dingchang,6/29/2024,7:39 AM
290,Structural Engineer,Fatou,7/8/2024,12:28 AM
291,Design Engineer,Paris 09,2/25/2024,5:20 AM
292,Senior Developer,Kuźnia Raciborska,7/27/2024,6:24 PM
293,Teacher,Jardia,1/9/2024,1:02 PM
294,Staff Accountant II,Yongfeng,3/9/2024,4:38 PM
295,Senior Financial Analyst,Jangheung,5/2/2024,1:20 PM
296,Actuary,Daejeon,2/27/2024,2:59 PM
297,Senior Cost Accountant,Shchūchīnsk,1/19/2024,10:45 PM
298,Editor,Árgos,2/21/2024,1:00 AM
299,Marketing Manager,Narong,6/6/2024,6:24 PM
300,Assistant Manager,Dadaha,5/20/2024,10:59 PM
301,Nuclear Power Engineer,Jingzi,3/14/2024,4:19 AM
302,Assistant Media Planner,Yasugichō,5/23/2024,6:26 PM
303,GIS Technical Architect,Cancela,5/23/2024,8:44 AM
304,Developer IV,Longhe,1/30/2024,10:40 AM
305,Product Engineer,Jambuwerkrajan,4/21/2024,10:16 AM
306,Software Test Engineer I,Fenghuang,10/28/2023,4:09 AM
307,Research Associate,Semey,9/26/2024,7:57 PM
308,Project Manager,Khromtau,8/17/2024,2:10 AM
309,Internal Auditor,Laoxialu,9/3/2024,3:57 PM
310,Software Consultant,El Puente,9/23/2024,8:11 PM
311,Analog Circuit Design manager,Matsumoto,7/27/2024,5:08 AM
312,Human Resources Manager,Sonsorol Village,8/8/2024,8:25 AM
313,Statistician I,Kazinka,9/17/2024,9:29 AM
314,Research Nurse,Gif-sur-Yvette,7/21/2024,5:48 AM
315,Human Resources Manager,Cantagallo,11/13/2023,12:03 PM
316,Help Desk Technician,Tugela Ferry,8/1/2024,7:47 AM
317,VP Quality Control,Coté-Lai,3/7/2024,1:38 PM
318,Project Manager,Xichangmen,3/29/2024,3:57 PM
319,Marketing Assistant,Potulando,8/8/2024,6:28 PM
320,Accountant I,Staraya Derevnya,4/29/2024,10:07 AM
321,Programmer I,Sertãozinho,4/1/2024,11:38 PM
322,Clinical Specialist,Aeka,4/16/2024,2:19 AM
323,Junior Executive,Sangojar,4/28/2024,3:27 PM
324,Statistician II,Wuchagou,8/21/2024,10:07 PM
325,Geological Engineer,Volovo,1/25/2024,1:09 PM
326,Computer Systems Analyst III,Honghualiangzi,9/19/2024,11:49 PM
327,Nurse,Chimbas,8/21/2024,3:12 AM
328,Executive Secretary,Calheta,10/30/2023,4:14 PM
329,Information Systems Manager,Ban Nahin,2/24/2024,1:06 PM
330,Chief Design Engineer,Quanyang,11/19/2023,7:43 AM
331,Account Executive,Villeurbanne,6/6/2024,11:41 AM
332,Budget/Accounting Analyst I,Velyka Mykhaylivka,7/3/2024,12:57 AM
333,Physical Therapy Assistant,Budapest,1/16/2024,12:40 AM
334,Staff Accountant II,Lanshan,3/2/2024,2:24 PM
335,VP Accounting,Nikolayevka,3/2/2024,3:53 PM
336,Financial Analyst,Muldersdriseloop,5/12/2024,8:40 AM
337,Nurse Practicioner,Ivyanyets,12/9/2023,8:42 AM
338,Marketing Assistant,Krasnovishersk,10/27/2023,2:18 PM
339,Product Engineer,Kericho,2/25/2024,3:40 PM
340,Biostatistician II,Gunungkendeng,12/20/2023,1:54 AM
341,Physical Therapy Assistant,Lumbang,4/28/2024,5:07 AM
342,Quality Control Specialist,Haguenau,11/11/2023,1:50 AM
343,Chemical Engineer,Kedunglo,3/27/2024,3:02 AM
344,Office Assistant IV,Nglego,6/9/2024,10:02 AM
345,Desktop Support Technician,Malaba,6/1/2024,10:56 PM
346,Internal Auditor,Mizhuang,8/29/2024,1:34 PM
347,Senior Financial Analyst,Araguari,11/29/2023,8:08 AM
348,Geological Engineer,Muurla,4/27/2024,9:47 PM
349,Statistician I,Kure,3/4/2024,11:51 PM
350,Project Manager,Pitumarca,10/22/2023,6:08 AM
351,Research Assistant III,Alcaria da Serra,11/12/2023,2:21 PM
352,Professor,Jiaoqiao,8/17/2024,10:04 PM
353,Software Engineer II,Lugo,12/28/2023,3:48 AM
354,VP Quality Control,Bunutan,9/8/2024,4:08 AM
355,Editor,Sada,11/15/2023,1:52 AM
356,Legal Assistant,Zhoujiang,5/4/2024,5:48 AM
357,Pharmacist,Pieńsk,3/16/2024,5:51 AM
358,VP Marketing,Cayara,9/25/2024,1:47 PM
359,Senior Financial Analyst,Pa Kham,2/20/2024,11:05 AM
360,Accounting Assistant IV,Chengfeng,5/11/2024,7:55 AM
361,VP Sales,Pyrgetós,8/2/2024,4:43 PM
362,Staff Accountant I,Vrilissia,11/19/2023,4:07 AM
363,Registered Nurse,Cabanilla,5/18/2024,10:14 AM
364,VP Product Management,Xingtan,2/21/2024,11:12 AM
365,Nurse,Pital,2/17/2024,10:58 AM
366,Paralegal,Pexiligais,1/21/2024,6:28 AM
367,VP Quality Control,Rawa Mazowiecka,6/16/2024,5:32 PM
368,Dental Hygienist,Montreuil,9/24/2024,6:58 PM
369,Financial Analyst,Gaoyi,6/1/2024,9:20 PM
370,Analyst Programmer,Hluhluwe,1/3/2024,11:50 AM
371,Business Systems Development Analyst,Soacha,3/24/2024,5:29 AM
372,Operator,Tayzhina,3/12/2024,10:07 PM
373,Account Coordinator,Duancun,4/12/2024,11:48 AM
374,Research Assistant II,Guyam Malaki,12/24/2023,6:07 AM
375,Account Representative II,Fengle,8/25/2024,6:44 AM
376,Software Test Engineer III,As Saddah,5/13/2024,11:47 AM
377,Automation Specialist II,Shangma,10/23/2023,3:12 PM
378,Financial Analyst,Ulster Spring,5/1/2024,10:36 AM
379,Human Resources Manager,Kandahār,2/3/2024,8:50 PM
380,Web Developer III,Jincheng,12/31/2023,10:56 AM
381,Marketing Assistant,Āl Ma‘ūdah,8/12/2024,7:27 AM
382,Web Developer III,Lynchburg,11/18/2023,5:19 AM
383,Environmental Specialist,Hezuo,8/27/2024,4:51 PM
384,Nurse Practicioner,Qingshi,9/12/2024,11:33 AM
385,Sales Representative,Bocowanti,5/22/2024,2:00 AM
386,Business Systems Development Analyst,Alençon,4/9/2024,4:55 AM
387,Human Resources Assistant IV,Pasvalys,3/20/2024,1:32 PM
388,Assistant Media Planner,Rayong,9/14/2024,6:50 PM
389,Software Engineer II,Paris 01,7/18/2024,1:31 AM
390,Safety Technician IV,Thành Phố Hà Giang,6/10/2024,12:06 PM
391,Quality Engineer,Foča,10/19/2023,10:16 AM
392,Paralegal,Makar’yev,12/1/2023,9:33 AM
393,Human Resources Manager,Jinling,3/30/2024,4:24 AM
394,Chemical Engineer,Tánh Linh,1/22/2024,6:12 PM
395,Social Worker,Bajera,11/26/2023,2:45 AM
396,Assistant Professor,Ivry-sur-Seine,3/5/2024,4:29 AM
397,Structural Analysis Engineer,Želetava,2/19/2024,4:27 PM
398,Operator,Duzhenwan,8/25/2024,12:23 AM
399,Editor,Xiaojian,7/26/2024,11:39 PM
400,Computer Systems Analyst II,Yangjia,8/30/2024,11:02 PM
401,Statistician II,San Pablo,4/1/2024,7:42 PM
402,Human Resources Assistant III,Fonte Boa,11/6/2023,4:22 PM
403,Operator,Haarlem,9/4/2024,7:59 AM
404,Legal Assistant,Angol,10/31/2023,4:54 PM
405,Health Coach IV,Shah Alam,6/20/2024,5:59 PM
406,Clinical Specialist,Libertad,11/26/2023,12:37 AM
407,Developer I,Ressano Garcia,10/10/2023,5:09 AM
408,Human Resources Manager,Loyola,4/4/2024,11:36 AM
409,Registered Nurse,Roma,11/28/2023,11:49 AM
410,Office Assistant III,Krahës,11/22/2023,1:38 AM
411,Graphic Designer,Even Yehuda,10/18/2023,8:06 AM
412,Research Associate,Haixing,3/26/2024,9:57 PM
413,Administrative Assistant IV,La Cruz,7/26/2024,1:27 PM
414,Sales Associate,Juan de Acosta,7/19/2024,2:29 PM
415,Assistant Media Planner,Khomutovo,2/9/2024,9:23 AM
416,Design Engineer,Río Cauto,10/8/2023,2:27 AM
417,Programmer Analyst II,Muarabadak,8/5/2024,3:28 AM
418,Account Executive,Padilla,1/13/2024,12:27 PM
419,Accounting Assistant II,Sigma,4/24/2024,11:15 AM
420,Sales Representative,Hongshan,11/11/2023,5:45 PM
421,Project Manager,Chã Grande,4/11/2024,3:02 PM
422,Staff Accountant IV,Kayl,5/22/2024,11:58 PM
423,Chief Design Engineer,Komsomol’sk,5/21/2024,2:34 PM
424,Product Engineer,Hamburg Harvestehude,6/5/2024,12:46 AM
425,Financial Analyst,Cabeço,5/8/2024,1:50 PM
426,Structural Engineer,Karangnunggal,1/14/2024,7:21 AM
427,VP Sales,Sabang,12/16/2023,2:56 PM
428,Statistician III,Mikhaylovsk,9/17/2024,7:49 AM
429,Staff Scientist,Majunying,9/4/2024,12:02 AM
430,Help Desk Operator,Ra-ngae,8/13/2024,7:44 PM
431,Research Nurse,Roma,2/8/2024,6:56 PM
432,Dental Hygienist,Moscow,11/29/2023,5:23 AM
433,Community Outreach Specialist,Ameixoeira,6/9/2024,5:10 PM
434,Speech Pathologist,Mamoudzou,12/15/2023,11:19 AM
435,Data Coordinator,Nueva Requena,11/21/2023,3:04 AM
436,Senior Financial Analyst,Kobarid,4/20/2024,8:28 AM
437,Programmer Analyst I,Whitwell,5/12/2024,6:23 AM
438,Cost Accountant,Chavarría,4/22/2024,2:30 AM
439,Developer III,Melaka,8/25/2024,12:30 PM
440,Marketing Assistant,Mambusao,6/15/2024,2:36 AM
441,Community Outreach Specialist,Daqingshan,3/23/2024,6:45 PM
442,Recruiter,Suez,10/24/2023,2:53 PM
443,Paralegal,Butterworth,2/21/2024,9:46 PM
444,Health Coach I,Dahuangwei,1/6/2024,11:59 AM
445,Tax Accountant,Mykolayiv,10/23/2023,8:54 AM
446,Professor,Marseille,9/14/2024,9:49 PM
447,Sales Representative,Ninh Giang,4/30/2024,4:20 PM
448,Sales Associate,Yonghe,3/24/2024,6:23 PM
449,Mechanical Systems Engineer,Dengfeng,4/29/2024,2:09 AM
450,Budget/Accounting Analyst III,Ostaszewo,10/23/2023,12:06 PM
451,Compensation Analyst,Dvin,8/29/2024,5:01 PM
452,Clinical Specialist,Yiyang,8/14/2024,10:56 PM
453,Sales Representative,Kruševac,3/23/2024,6:23 PM
454,Help Desk Operator,Agarsin,6/28/2024,1:14 PM
455,Cost Accountant,Long Beach,5/15/2024,10:27 PM
456,Technical Writer,La Mesa,5/30/2024,6:32 PM
457,Speech Pathologist,Longwu,2/27/2024,1:16 AM
458,VP Sales,Lowotukan,8/15/2024,8:13 PM
459,Geologist IV,Shuguang,2/26/2024,9:22 PM
460,Compensation Analyst,Lianghekou,7/7/2024,10:53 AM
461,Geological Engineer,Ōmagari,1/30/2024,6:56 AM
462,Accounting Assistant III,Jastrzębia,11/7/2023,10:45 AM
463,Pharmacist,Cihua,1/27/2024,7:01 AM
464,Administrative Officer,San Pedro Carchá,8/6/2024,11:14 PM
465,Quality Control Specialist,Kuningan,3/5/2024,6:28 AM
466,Financial Analyst,Bridel,2/19/2024,6:47 AM
467,Registered Nurse,Fresno,9/6/2024,5:09 PM
468,Staff Accountant I,Borova,10/2/2024,4:54 PM
469,Programmer Analyst IV,Dabai,4/22/2024,6:30 AM
470,Registered Nurse,Gyigang,10/4/2024,4:51 AM
471,Help Desk Operator,Gunung,1/7/2024,11:25 PM
472,Editor,Kanzaki,9/24/2024,5:01 PM
473,Account Representative IV,Arboga,3/26/2024,3:28 AM
474,Account Representative II,Osh,2/11/2024,12:12 AM
475,Software Engineer III,Cabungan,6/23/2024,6:29 AM
476,Teacher,Ciawi,3/29/2024,6:02 PM
477,Librarian,Sanxixiang,1/18/2024,10:48 PM
478,Automation Specialist I,Nantuo,4/8/2024,6:40 PM
479,Environmental Specialist,Karlstad,5/16/2024,12:43 PM
480,Software Consultant,Port Loko,11/15/2023,5:56 AM
481,Chemical Engineer,Nart,10/3/2024,10:53 AM
482,Food Chemist,Sawahbaru,2/26/2024,12:16 AM
483,Human Resources Manager,Paipu,5/13/2024,10:10 AM
484,Assistant Manager,Garunggang,12/6/2023,2:59 AM
485,Internal Auditor,Zhengchang,9/28/2024,9:12 AM
486,Software Test Engineer II,Seydi,5/2/2024,1:24 AM
487,Programmer II,Novo-Nikol’skoye,12/10/2023,5:39 PM
488,Structural Engineer,Mayskiy,7/30/2024,5:15 PM
489,Account Coordinator,Santo Niño,8/22/2024,3:03 PM
490,Payment Adjustment Coordinator,Jiumen,3/27/2024,2:11 PM
491,Developer III,Qiaotou,3/14/2024,10:02 PM
492,Engineer I,Belang,3/19/2024,10:51 AM
493,Research Nurse,Ínfias,3/13/2024,7:18 AM
494,Safety Technician II,Przasnysz,7/6/2024,2:21 AM
495,Data Coordinator,Lagunillas,11/7/2023,10:30 AM
496,Compensation Analyst,Sukamulia,11/23/2023,5:28 PM
497,Assistant Professor,Valle de La Pascua,11/28/2023,10:28 PM
498,Analog Circuit Design manager,Pucallpa,5/4/2024,10:36 PM
499,Chemical Engineer,Lingyang,12/10/2023,7:52 PM
500,Recruiting Manager,Odiongan,10/28/2023,7:09 PM
501,Sales Associate,Kongoussi,3/12/2024,9:41 PM
502,Design Engineer,Al Qābil,6/3/2024,2:26 PM
503,Analyst Programmer,Yizhivtsi,8/26/2024,11:25 PM
504,Social Worker,Neuquén,12/3/2023,11:42 PM
505,Systems Administrator IV,Partesh,3/11/2024,6:38 AM
506,Geologist I,Götene,1/11/2024,10:22 PM
507,Automation Specialist I,Putat Lor,3/15/2024,10:07 AM
508,Database Administrator IV,Michałów,7/12/2024,6:17 PM
509,Compensation Analyst,Lanas,7/1/2024,8:23 AM
510,Systems Administrator I,Dubăsari,7/22/2024,2:52 AM
511,Engineer I,Mlaka pri Kranju,6/4/2024,7:07 AM
512,General Manager,Rybarzowice,12/26/2023,6:20 AM
513,Senior Developer,Pucón,4/26/2024,7:17 AM
514,Food Chemist,Bila Krynytsya,10/19/2023,4:26 AM
515,Executive Secretary,Içara,9/5/2024,5:24 PM
516,Health Coach IV,Vélo,1/21/2024,2:19 PM
517,Accountant I,Rozhdestveno,6/10/2024,5:44 AM
518,Human Resources Manager,Luruaco,3/10/2024,6:50 PM
519,Geological Engineer,Biruinţa,5/5/2024,12:09 AM
520,Community Outreach Specialist,Gadzhiyevo,6/1/2024,5:40 PM
521,Recruiting Manager,Jagna,12/9/2023,6:41 PM
522,Systems Administrator II,Taquaritinga,7/15/2024,5:13 AM
523,Staff Scientist,Tirmiz,10/4/2024,6:11 PM
524,Human Resources Assistant I,Orsha,1/8/2024,7:28 PM
525,Environmental Tech,Thành Phố Uông Bí,12/9/2023,1:49 PM
526,Software Engineer IV,Mojoagung,11/24/2023,9:27 AM
527,Recruiter,Uttar Char Fasson,4/11/2024,2:09 PM
528,Research Associate,Jeseník,11/27/2023,9:01 PM
529,Web Designer IV,Tagoloan,12/27/2023,1:38 PM
530,Chief Design Engineer,Rathwire,7/7/2024,1:37 PM
531,Registered Nurse,Novo-Peredelkino,4/27/2024,11:36 PM
532,Executive Secretary,Oja,7/25/2024,5:56 PM
533,Software Test Engineer IV,Imām Şāḩib,8/25/2024,6:58 PM
534,VP Accounting,Naran-mandokhu Somon,3/28/2024,2:26 AM
535,Structural Engineer,Wangshi,12/17/2023,4:23 PM
536,Technical Writer,Quezalguaque,4/6/2024,7:52 PM
537,Executive Secretary,Pili,2/10/2024,8:58 AM
538,Dental Hygienist,Madona,5/21/2024,3:00 AM
539,Social Worker,Oyem,10/27/2023,8:35 PM
540,Administrative Assistant I,Vila Nova da Baronia,7/7/2024,7:23 AM
541,Database Administrator IV,Sida,4/9/2024,3:32 AM
542,Assistant Manager,Dezhou,4/5/2024,5:31 PM
543,Financial Analyst,Sattahip,4/7/2024,7:58 AM
544,Junior Executive,Abbeville,2/25/2024,11:34 PM
545,Graphic Designer,Glotovka,10/28/2023,2:38 AM
546,Database Administrator II,Thị Trấn Nước Hai,1/6/2024,5:18 PM
547,Registered Nurse,Ashmūn,6/20/2024,3:19 PM
548,Marketing Manager,Bruxelles,11/12/2023,6:59 AM
549,Statistician II,Mingora,6/23/2024,5:10 AM
550,Accountant II,Huangsangkou,3/14/2024,12:24 PM
551,Chief Design Engineer,Horad Pinsk,3/27/2024,9:27 AM
552,Assistant Manager,Liangting,2/1/2024,11:42 PM
553,Financial Analyst,Lérida,3/31/2024,11:18 AM
554,Programmer Analyst I,Kanghe,9/1/2024,1:11 AM
555,Community Outreach Specialist,Makueni,3/29/2024,6:45 AM
556,Budget/Accounting Analyst III,Costa Sacate,5/29/2024,5:16 PM
557,Director of Sales,Ko Pha Ngan,11/8/2023,7:54 PM
558,VP Quality Control,Cabannungan Second,7/30/2024,1:42 AM
559,Accountant II,Nama,1/20/2024,9:11 AM
560,Safety Technician III,Luzon,4/3/2024,7:33 AM
561,Project Manager,Hang Dong,12/11/2023,4:49 AM
562,Account Representative II,Puro,9/22/2024,5:29 PM
563,Biostatistician IV,Runović,8/28/2024,3:09 AM
564,Computer Systems Analyst I,Jifarong,12/6/2023,6:46 PM
565,Chemical Engineer,Song,10/4/2024,12:35 AM
566,Assistant Manager,Maliana,4/19/2024,3:54 AM
567,Internal Auditor,Göteborg,6/24/2024,6:20 AM
568,Financial Advisor,Open Stage,4/25/2024,1:57 PM
569,Social Worker,Surgut,3/31/2024,7:55 PM
570,Director of Sales,Stockholm,5/26/2024,10:12 PM
571,Sales Representative,Oslo,3/16/2024,1:32 AM
572,Programmer IV,Tangerang,4/20/2024,4:02 PM
573,Nurse Practicioner,El Valle del Espíritu Santo,4/30/2024,8:49 PM
574,Legal Assistant,Būrabay,8/21/2024,1:23 AM
575,Electrical Engineer,Xieba,10/23/2023,10:33 AM
576,Computer Systems Analyst IV,Guimarei,9/3/2024,8:43 PM
577,Data Coordinator,Sukamulya,10/18/2023,4:33 AM
578,Data Coordinator,Carrascal,4/10/2024,6:43 AM
579,Account Executive,Tambong,2/5/2024,5:00 PM
580,Data Coordinator,Jelah,2/22/2024,10:05 PM
581,General Manager,Pagaruša,4/14/2024,5:24 AM
582,Web Developer III,Langley,7/30/2024,2:09 PM
583,Professor,Kaulon,6/17/2024,7:05 PM
584,Chemical Engineer,Yenangyaung,11/6/2023,2:31 PM
585,Librarian,Bull Savanna,9/14/2024,7:29 PM
586,Research Associate,Huangni,6/27/2024,10:46 AM
587,Statistician III,Maqbanah,12/29/2023,3:14 AM
588,Safety Technician II,Temirgoyevskaya,2/28/2024,7:44 AM
589,Staff Scientist,Lafayette,9/22/2024,6:27 AM
590,Computer Systems Analyst IV,Valladolid,11/1/2023,2:24 PM
591,Mechanical Systems Engineer,Strassen,10/23/2023,8:17 AM
592,Accountant IV,Pulorejo,7/16/2024,10:04 AM
593,VP Quality Control,Andarapa,8/23/2024,4:14 AM
594,Recruiting Manager,Sadar Bazar,9/7/2024,3:57 PM
595,Data Coordinator,Valtelheiro,1/12/2024,11:46 PM
596,VP Quality Control,Atlanta,5/20/2024,4:05 AM
597,Director of Sales,Ciekek,9/18/2024,9:44 PM
598,Programmer I,Duantan,5/8/2024,12:28 AM
599,GIS Technical Architect,Vil’nyans’k,7/14/2024,3:34 AM
600,Staff Accountant III,Paraíso,7/6/2024,10:57 AM
601,Financial Analyst,Magok,8/18/2024,7:25 PM
602,Database Administrator II,Middleton,3/17/2024,6:02 AM
603,General Manager,Zhangwan,5/31/2024,12:13 PM
604,Business Systems Development Analyst,Lukulu,11/29/2023,2:45 AM
605,Junior Executive,Ntsoudjini,7/22/2024,8:35 AM
606,Geologist III,Gustavsberg,3/22/2024,10:23 AM
607,Account Coordinator,Guadalupe Victoria,6/14/2024,8:15 PM
608,Nurse Practicioner,Bayanan,5/8/2024,6:29 PM
609,Software Test Engineer III,Karachi,12/7/2023,12:31 PM
610,Computer Systems Analyst I,Phitsanulok,4/29/2024,5:46 PM
611,Statistician IV,Vila Nova de Santo André,3/28/2024,6:21 AM
612,Developer I,Halmstad,5/6/2024,6:04 PM
613,Senior Sales Associate,San Eugenio,2/14/2024,2:08 PM
614,Office Assistant III,Shihuang,10/2/2024,3:30 AM
615,Help Desk Technician,Colombo,4/27/2024,4:35 AM
616,Product Engineer,Shawan,12/11/2023,3:08 PM
617,Nurse,Springfield,8/11/2024,1:47 PM
618,Director of Sales,Fuquan,6/2/2024,5:27 PM
619,Senior Quality Engineer,Pont Cassé,9/21/2024,8:45 PM
620,Desktop Support Technician,Chisec,11/13/2023,4:23 AM
621,Internal Auditor,Tambo,6/2/2024,3:56 PM
622,VP Marketing,Tianhe,12/12/2023,1:02 AM
623,Programmer II,Le Port,5/19/2024,4:34 PM
624,Paralegal,Kardítsa,1/6/2024,1:15 PM
625,Legal Assistant,Santa Eulalia,4/19/2024,8:20 PM
626,Safety Technician I,São Lourenço,3/7/2024,3:50 PM
627,Media Manager IV,Lyon,12/1/2023,12:07 AM
628,Biostatistician I,Shanghuang,4/4/2024,9:46 AM
629,General Manager,Muladbucad,11/16/2023,7:34 PM
630,Senior Sales Associate,Safi,6/28/2024,11:35 PM
631,Web Developer IV,Dolní Studénky,11/4/2023,7:05 PM
632,Community Outreach Specialist,Majagual,9/30/2024,12:03 AM
633,Mechanical Systems Engineer,Otan Aiyegbaju,6/5/2024,3:04 AM
634,Chemical Engineer,Jingkou,6/4/2024,12:41 PM
635,Geological Engineer,Warin Chamrap,7/5/2024,12:40 PM
636,Civil Engineer,Lenningen,9/26/2024,10:02 AM
637,Senior Editor,Liwu,11/1/2023,5:02 AM
638,Editor,Vila Franca da Beira,10/28/2023,7:19 PM
639,Sales Associate,Banos,9/10/2024,10:57 PM
640,Analog Circuit Design manager,Limonade,12/20/2023,1:33 AM
641,Senior Developer,Kiernozia,10/13/2023,1:47 AM
642,Structural Engineer,Niopanda,2/26/2024,8:54 PM
643,Payment Adjustment Coordinator,Longhe,7/2/2024,7:33 PM
644,Editor,Hedao,8/1/2024,3:36 AM
645,Community Outreach Specialist,T’azagyugh,2/11/2024,4:02 AM
646,Design Engineer,Ambatolampy,10/26/2023,12:09 PM
647,Software Test Engineer IV,Newark,11/4/2023,5:23 PM
648,Community Outreach Specialist,Heshan,11/1/2023,8:43 AM
649,VP Marketing,Ribeirão Pires,1/10/2024,4:51 PM
650,Information Systems Manager,Ballyboden,11/4/2023,10:15 AM
651,Speech Pathologist,Tsimasham,8/14/2024,11:34 AM
652,Staff Accountant I,Zarechnyy,1/10/2024,5:20 PM
653,VP Sales,Kansas City,8/10/2024,4:30 AM
654,Clinical Specialist,Caleta Cruz,2/20/2024,5:08 PM
655,Staff Scientist,Lianzhou,7/12/2024,2:44 AM
656,Financial Advisor,Fafe,1/28/2024,6:17 PM
657,Web Developer III,Portel,11/26/2023,11:49 AM
658,Pharmacist,Guantian,12/18/2023,11:55 PM
659,Research Nurse,Panshan,5/2/2024,11:34 AM
660,Recruiter,Cabangan,6/13/2024,9:01 PM
661,Information Systems Manager,San Marcos,10/26/2023,4:45 PM
662,Accounting Assistant I,San Juan Ixcoy,9/28/2024,2:20 AM
663,Budget/Accounting Analyst II,Kampong Chhnang,9/11/2024,3:55 AM
664,Data Coordinator,Pajo,5/10/2024,2:28 AM
665,Paralegal,Guocun,8/31/2024,6:53 AM
666,Civil Engineer,Tangjia,3/1/2024,4:15 PM
667,Chemical Engineer,Ongi,12/25/2023,6:16 AM
668,Developer II,Palauig,7/2/2024,8:35 PM
669,VP Sales,Trojanów,7/7/2024,9:23 PM
670,Project Manager,Wierzchosławice,2/16/2024,11:09 PM
671,Administrative Assistant II,Wielki Kack,4/27/2024,12:19 PM
672,Senior Financial Analyst,Pajarillo,1/29/2024,7:24 PM
673,Administrative Officer,Tsubata,8/4/2024,10:26 AM
674,Graphic Designer,Naran Bulag,12/3/2023,8:58 AM
675,GIS Technical Architect,Huancapi,7/30/2024,7:04 PM
676,Web Designer II,Ede,3/18/2024,10:00 AM
677,Help Desk Operator,Uthal,4/21/2024,4:41 AM
678,Engineer II,Mikulčice,3/16/2024,6:41 PM
679,Nurse Practicioner,Huangqiang,5/20/2024,4:43 AM
680,Sales Representative,Tongyu,8/8/2024,4:36 PM
681,VP Sales,Le Pontet,1/10/2024,10:58 PM
682,Desktop Support Technician,Bulahblangaro,11/28/2023,7:43 AM
683,Computer Systems Analyst II,Pingdu,1/28/2024,12:49 PM
684,Senior Financial Analyst,Taling,11/8/2023,5:47 PM
685,Senior Developer,La Cruz,4/18/2024,4:49 AM
686,Assistant Professor,Cahuacho,12/14/2023,5:49 AM
687,Electrical Engineer,Newark,5/30/2024,9:42 PM
688,Programmer I,Uppsala,8/8/2024,6:36 AM
689,Environmental Tech,Maliq,7/12/2024,4:14 PM
690,Nurse,Kangle,4/20/2024,10:09 PM
691,Physical Therapy Assistant,Décines-Charpieu,4/3/2024,1:57 PM
692,Help Desk Operator,Yingshouyingzi,12/30/2023,4:35 AM
693,Web Designer III,Xin’an,1/24/2024,11:25 PM
694,Automation Specialist IV,Gŭlŭbovo,7/4/2024,3:30 PM
695,Technical Writer,Qarah Bāgh Bāzār,5/12/2024,4:24 PM
696,Assistant Professor,Zhangjiagang,8/19/2024,4:40 PM
697,Civil Engineer,Bromma,11/7/2023,4:39 AM
698,Business Systems Development Analyst,Vestmanna,8/6/2024,7:57 AM
699,Occupational Therapist,Enniskerry,2/8/2024,1:18 PM
700,Engineer II,Solna,10/15/2023,12:41 AM
701,Developer I,Ambatondrazaka,10/12/2023,6:40 PM
702,Project Manager,Troyes,10/13/2023,5:15 AM
703,Graphic Designer,Qal‘at al Andalus,1/26/2024,9:45 PM
704,Financial Analyst,Shardara,8/4/2024,7:50 AM
705,Marketing Assistant,Garajati,11/9/2023,5:00 PM
706,Business Systems Development Analyst,Suklayin,7/30/2024,4:38 PM
707,Financial Analyst,Kylmäkoski,8/29/2024,2:21 PM
708,Senior Editor,Gelsenkirchen,8/26/2024,4:18 AM
709,Librarian,Leer,10/15/2023,2:24 PM
710,Junior Executive,Cijapar,12/2/2023,11:15 AM
711,Staff Accountant II,Valjevo,6/18/2024,9:02 PM
712,Design Engineer,Dihtyari,7/11/2024,6:16 AM
713,Chief Design Engineer,Ágios Týchon,1/25/2024,7:18 AM
714,Office Assistant II,Wiązownica,12/10/2023,9:00 AM
715,Librarian,Faro,9/2/2024,8:32 PM
716,Associate Professor,Kherson,9/30/2024,1:26 PM
717,Account Representative II,Consuelo,2/4/2024,7:18 PM
718,Web Designer II,Kotadukuh,3/22/2024,2:04 PM
719,Quality Control Specialist,Maïné Soroa,11/23/2023,5:29 PM
720,Food Chemist,Pakemitan Dua,6/20/2024,4:05 AM
721,Research Nurse,Póvoa,5/2/2024,8:40 PM
722,Account Executive,Juyuan,4/11/2024,6:28 AM
723,Information Systems Manager,Youhao,3/15/2024,10:34 AM
724,Nurse,Saraza,3/31/2024,2:26 AM
725,Physical Therapy Assistant,Almolonga,2/16/2024,5:15 AM
726,Nurse Practicioner,Chantilly,3/26/2024,7:42 AM
727,Account Executive,Burujul,12/8/2023,5:15 AM
728,Research Nurse,Hanjiaji,3/3/2024,2:33 PM
729,Junior Executive,Komyshany,8/19/2024,2:25 AM
730,Teacher,San Jose,10/3/2024,10:51 PM
731,Quality Control Specialist,Chateaubelair,11/13/2023,10:03 PM
732,Structural Engineer,Skolkovo,4/3/2024,8:58 PM
733,Teacher,Longcheng,10/25/2023,4:42 AM
734,Senior Cost Accountant,Tabor,8/7/2024,1:27 PM
735,Account Coordinator,Hongchang,4/14/2024,9:20 PM
736,Junior Executive,Sychëvo,4/7/2024,6:02 AM
737,Environmental Specialist,Pilcuyo,1/1/2024,9:32 AM
738,Compensation Analyst,Renhe,2/1/2024,2:32 AM
739,Staff Accountant II,Saipan,9/24/2024,6:46 AM
740,Research Associate,Alor Setar,4/20/2024,9:43 AM
741,Operator,Dongxing,8/22/2024,10:41 AM
742,Social Worker,Iwye,6/23/2024,1:19 AM
743,VP Product Management,Xihu,9/29/2024,8:35 AM
744,Programmer II,Guiuan,7/27/2024,5:10 PM
745,Civil Engineer,Jiepai,1/15/2024,4:34 PM
746,Social Worker,Марино,4/21/2024,1:44 AM
747,Chief Design Engineer,Pinheiral,7/24/2024,8:06 AM
748,Staff Accountant IV,Jequitinhonha,10/26/2023,7:36 PM
749,Office Assistant IV,Saint-Leu-la-Forêt,11/9/2023,7:28 AM
750,Recruiting Manager,Jimusa’er,9/20/2024,4:37 AM
751,Civil Engineer,Loikaw,6/9/2024,5:55 AM
752,Design Engineer,Santo Niño,1/13/2024,1:07 AM
753,Senior Developer,Akwanga,4/10/2024,11:14 PM
754,VP Accounting,Tangxi,7/24/2024,12:39 AM
755,Clinical Specialist,Umi,3/22/2024,5:01 AM
756,Professor,Sosnovka,12/1/2023,7:53 PM
757,Registered Nurse,Hatsukaichi,8/23/2024,4:32 AM
758,Information Systems Manager,Mabalacat,8/9/2024,2:57 AM
759,Analyst Programmer,Guder Lao,7/24/2024,9:28 AM
760,Registered Nurse,Montilla,3/17/2024,12:26 AM
761,Software Test Engineer II,Giado,4/24/2024,1:29 AM
762,Payment Adjustment Coordinator,Nanxindian,12/26/2023,8:08 PM
763,Software Consultant,Kertayuga,9/27/2024,10:17 PM
764,VP Accounting,Sambiyan,11/23/2023,10:50 AM
765,Senior Quality Engineer,Ntungamo,2/20/2024,4:20 PM
766,Database Administrator II,Sepahua,7/23/2024,6:52 PM
767,Biostatistician III,Sumurgung,9/28/2024,11:14 PM
768,Speech Pathologist,Néa Kíos,10/9/2023,9:32 PM
769,General Manager,Curitiba,9/22/2024,3:34 PM
770,Desktop Support Technician,Fergana,5/3/2024,9:23 AM
771,Design Engineer,Botoh,9/22/2024,9:24 AM
772,Biostatistician IV,Novo-Nikol’skoye,11/23/2023,3:36 AM
773,Junior Executive,Machov,5/12/2024,10:49 AM
774,VP Sales,N’dalatando,3/16/2024,12:11 AM
775,Registered Nurse,Luleå,12/6/2023,10:03 PM
776,Recruiting Manager,La Rochelle,7/28/2024,6:46 AM
777,Budget/Accounting Analyst II,Willowmore,6/29/2024,9:28 AM
778,Junior Executive,Bałtów,3/7/2024,12:18 AM
779,Nurse Practicioner,Tiassalé,6/21/2024,7:51 PM
780,Technical Writer,Salem,2/11/2024,12:42 AM
781,Administrative Officer,Velyki Kopany,11/19/2023,6:35 AM
782,Senior Cost Accountant,Kerrobert,7/26/2024,9:15 PM
783,Account Coordinator,Charlotte,11/12/2023,4:44 PM
784,Desktop Support Technician,Carora,11/11/2023,11:31 PM
785,Quality Engineer,Sơn Trà,11/4/2023,5:41 PM
786,Human Resources Assistant I,Catriel,12/3/2023,12:41 AM
787,Analog Circuit Design manager,Rosetta,9/9/2024,12:05 AM
788,Director of Sales,Lefkímmi,9/28/2024,7:21 PM
789,Software Consultant,Tagkawayan Sabang,7/13/2024,12:12 PM
790,Engineer IV,Durham,4/8/2024,10:39 PM
791,Junior Executive,Bohutín,5/23/2024,9:14 PM
792,Accounting Assistant II,Bendosewu,11/11/2023,5:27 PM
793,Chemical Engineer,Bŭka,8/30/2024,8:14 PM
794,Speech Pathologist,Huangduobu,11/17/2023,3:36 PM
795,Environmental Specialist,Hirakata,1/27/2024,2:02 AM
796,Recruiting Manager,Văn Giang,2/29/2024,8:21 AM
797,Administrative Assistant II,Banjarwaru,4/12/2024,4:58 AM
798,Biostatistician IV,Sé,12/25/2023,12:48 AM
799,Structural Analysis Engineer,Xibin,4/3/2024,11:35 AM
800,Assistant Media Planner,Halmstad,2/5/2024,5:12 PM
801,Engineer I,Nowe Miasto nad Pilicą,1/8/2024,4:54 AM
802,Marketing Manager,Krajan,4/9/2024,9:14 AM
803,Civil Engineer,Ehu,7/8/2024,9:24 PM
804,Sales Associate,Jingmen,12/23/2023,11:57 PM
805,Professor,Wutong,3/9/2024,9:19 PM
806,Recruiting Manager,Nsanje,9/26/2024,3:33 AM
807,Assistant Media Planner,Luodian,3/23/2024,7:45 AM
808,Administrative Officer,Kamyshevka Vtoraya,1/2/2024,12:55 AM
809,Marketing Assistant,Fonte Boa dos Nabos,1/17/2024,7:31 AM
810,Internal Auditor,Kyllíni,1/23/2024,5:23 AM
811,Geologist I,Changxuanling,7/22/2024,2:47 PM
812,Marketing Assistant,Bendosari,3/19/2024,12:59 PM
813,Administrative Assistant II,Eskilstuna,7/4/2024,6:42 PM
814,Help Desk Operator,Sumqayıt,8/1/2024,4:44 AM
815,Geological Engineer,Randusari,12/14/2023,8:19 PM
816,Structural Engineer,Yaohua,2/17/2024,1:11 PM
817,Recruiter,Berat,8/10/2024,7:27 AM
818,Financial Advisor,‘Amd,12/24/2023,11:17 PM
819,Staff Scientist,Monte,7/11/2024,1:53 PM
820,Analyst Programmer,Indaial,12/20/2023,8:38 PM
821,VP Product Management,Costa Nova do Prado,2/16/2024,9:24 AM
822,Dental Hygienist,Granville,7/11/2024,12:39 AM
823,Internal Auditor,Täby,8/2/2024,8:20 AM
824,Health Coach IV,Labrang,11/22/2023,4:03 PM
825,Civil Engineer,Yablonovskiy,3/22/2024,5:08 AM
826,Geologist II,Liqiao,11/24/2023,1:22 PM
827,Paralegal,Třebíč,3/26/2024,11:46 PM
828,Budget/Accounting Analyst III,Göteborg,2/15/2024,6:35 PM
829,VP Accounting,Nanterre,3/3/2024,1:36 PM
830,Paralegal,Stare Miasto,3/16/2024,11:54 AM
831,Web Designer IV,Guanaja,3/1/2024,3:20 AM
832,Chief Design Engineer,Tokoname,11/29/2023,12:32 PM
833,Software Engineer IV,Princeville,9/27/2024,4:38 AM
834,Database Administrator II,Batulayang,6/5/2024,3:01 PM
835,GIS Technical Architect,Araal,4/26/2024,12:07 PM
836,Computer Systems Analyst III,Barranqueras,8/18/2024,8:57 AM
837,Developer I,Muhos,3/29/2024,5:28 AM
838,Marketing Manager,Tandel,2/5/2024,4:01 AM
839,Librarian,Huntington Beach,12/30/2023,2:12 AM
840,Financial Analyst,Ciawitali,9/13/2024,3:25 PM
841,Legal Assistant,Bình Minh,8/2/2024,8:51 PM
842,Design Engineer,Kosti,7/20/2024,2:40 AM
843,Product Engineer,Buenos Aires,10/28/2023,1:58 AM
844,Design Engineer,Lençóis Paulista,3/7/2024,11:25 PM
845,Librarian,Mangulile,11/13/2023,12:24 PM
846,Senior Editor,Aguazul,8/3/2024,12:39 AM
847,Assistant Media Planner,Chodów,6/8/2024,1:10 AM
848,Administrative Assistant III,Xiangshan,12/6/2023,9:43 PM
849,Senior Sales Associate,Bồng Sơn,7/10/2024,8:39 PM
850,Office Assistant IV,Buenavista,12/29/2023,3:22 AM
851,VP Quality Control,Xiaxihao,10/30/2023,5:48 PM
852,Environmental Specialist,Boulaouane,10/30/2023,3:45 PM
853,Senior Editor,Mukun,6/6/2024,10:51 AM
854,Senior Editor,Heqiao,8/9/2024,12:04 AM
855,Environmental Specialist,Al Nashmah,7/25/2024,2:57 AM
856,Product Engineer,Suohe,4/21/2024,11:30 PM
857,Account Executive,Baolong,4/14/2024,6:45 PM
858,Physical Therapy Assistant,Casal da Anja,6/18/2024,9:57 PM
859,Nuclear Power Engineer,Gråbo,12/15/2023,1:47 PM
860,Pharmacist,Cikalong,5/21/2024,9:01 AM
861,Analyst Programmer,Temayang,10/22/2023,5:59 PM
862,Registered Nurse,Des Moines,6/1/2024,6:00 PM
863,Recruiter,Manzil Bū Zalafah,4/20/2024,3:46 AM
864,Cost Accountant,Longtou’an,3/3/2024,4:31 PM
865,Accounting Assistant III,Xintang,8/14/2024,7:13 AM
866,Senior Sales Associate,Malo,6/16/2024,11:08 PM
867,Junior Executive,Ishimbay,7/2/2024,2:29 AM
868,Account Executive,Samsan,9/10/2024,12:21 AM
869,Nurse Practicioner,Timon,1/31/2024,10:23 PM
870,Staff Accountant IV,Jiantou,4/19/2024,9:40 PM
871,Statistician I,Kavadarci,8/11/2024,11:00 AM
872,Web Designer IV,Abua,9/6/2024,4:53 AM
873,Quality Control Specialist,Komsomolsk-on-Amur,5/5/2024,11:14 AM
874,Structural Engineer,Hirado,3/30/2024,5:17 AM
875,Editor,Peachland,12/11/2023,11:03 AM
876,VP Accounting,Osieck,5/11/2024,11:57 AM
877,Database Administrator II,Arzila,1/7/2024,11:46 AM
878,Geological Engineer,Linshi,6/4/2024,6:42 AM
879,Engineer IV,Dutsin Ma,7/25/2024,6:14 PM
880,Operator,Olho Marinho,6/24/2024,11:51 PM
881,Programmer III,Oudtshoorn,9/13/2024,10:38 PM
882,Registered Nurse,Orvault,5/13/2024,2:08 AM
883,Graphic Designer,Forshaga,11/11/2023,10:42 PM
884,Nurse,Silae,3/30/2024,8:08 PM
885,Food Chemist,Rakitovo,2/15/2024,7:43 PM
886,Statistician I,Zhangdiyingzi,7/28/2024,4:56 PM
887,Nurse,Vale de Figueira,10/23/2023,5:21 AM
888,Statistician I,Sypniewo,10/19/2023,11:46 PM
889,Compensation Analyst,Butere,3/13/2024,11:41 AM
890,Design Engineer,Jinhu,5/31/2024,5:44 PM
891,Help Desk Operator,Lebedyan’,1/28/2024,9:41 PM
892,Senior Financial Analyst,Guomaying,7/27/2024,8:39 AM
893,Physical Therapy Assistant,Laval,3/29/2024,1:13 AM
894,Staff Accountant I,Fenlu,1/25/2024,1:27 PM
895,Project Manager,Pigcawayan,8/14/2024,9:01 PM
896,Information Systems Manager,Dongxiang,8/2/2024,9:00 PM
897,Community Outreach Specialist,Ghauspur,7/25/2024,6:47 PM
898,Office Assistant I,Yekaterinovka,2/26/2024,8:03 AM
899,Community Outreach Specialist,San Isidro,7/14/2024,12:13 AM
900,Senior Quality Engineer,Providencia,6/3/2024,9:31 PM
901,Account Coordinator,Zhengcun,9/11/2024,8:00 AM
902,Environmental Tech,Bělá pod Bezdězem,4/7/2024,6:23 PM
903,Financial Analyst,Shipunovo,4/3/2024,12:44 AM
904,Web Designer I,Gusau,8/6/2024,4:52 PM
905,Human Resources Manager,Quebradas,3/15/2024,5:15 AM
906,Chief Design Engineer,Quitilipi,8/2/2024,7:44 PM
907,Sales Representative,Emiliano Zapata,3/23/2024,11:23 PM
908,Programmer Analyst II,Saint John’s,12/1/2023,5:19 AM
909,Director of Sales,Mamu,11/7/2023,2:52 PM
910,Structural Analysis Engineer,Yinla,6/10/2024,3:23 PM
911,Associate Professor,Distracción,11/11/2023,8:11 AM
912,Editor,‘Aşīrah ash Shamālīyah,9/18/2024,5:08 PM
913,Research Associate,Gambarjati,2/29/2024,9:37 PM
914,Programmer I,Bauta,9/27/2024,1:27 AM
915,Software Test Engineer I,Orekhovo-Borisovo Severnoye,7/28/2024,4:59 AM
916,Structural Engineer,Tengrela,2/11/2024,9:17 PM
917,Biostatistician I,Örnsköldsvik,11/6/2023,3:55 AM
918,Paralegal,Lijie,4/4/2024,12:39 PM
919,Safety Technician II,Fichē,1/3/2024,2:40 AM
920,Accountant I,Zerkten,10/9/2023,6:35 PM
921,Payment Adjustment Coordinator,Tola,6/24/2024,7:00 AM
922,Sales Representative,Lewodoli,12/11/2023,7:51 AM
923,Staff Scientist,Miskolc,7/2/2024,4:44 PM
924,Sales Associate,Raposeira,4/22/2024,8:04 PM
925,VP Marketing,Namerikawa,2/24/2024,4:42 AM
926,Speech Pathologist,Dún Laoghaire,8/30/2024,12:28 AM
927,Structural Engineer,Aş Şaff,6/21/2024,4:34 PM
928,Tax Accountant,Jixi,4/27/2024,4:28 PM
929,Programmer Analyst I,Boudinar,11/14/2023,7:57 PM
930,Community Outreach Specialist,Izumi,6/26/2024,12:55 PM
931,Budget/Accounting Analyst IV,Hannover,3/22/2024,3:49 AM
932,Registered Nurse,Llano Largo,4/7/2024,6:55 AM
933,Occupational Therapist,Rodotópi,1/9/2024,4:04 AM
934,Information Systems Manager,Valejas,4/2/2024,9:23 PM
935,Operator,Las Toscas,5/13/2024,11:41 AM
936,Project Manager,Ruangwa,2/7/2024,9:20 PM
937,VP Accounting,Shihudang,1/19/2024,12:17 PM
938,Librarian,Dardhas,6/9/2024,4:52 PM
939,Quality Control Specialist,Donostia-San Sebastian,9/25/2024,9:14 AM
940,Project Manager,Nsukka,9/2/2024,7:39 PM
941,Project Manager,Guozhuang,6/5/2024,9:51 PM
942,Help Desk Technician,Simenqian,3/4/2024,12:41 PM
943,Research Assistant II,Guanhães,9/9/2024,9:32 AM
944,Structural Analysis Engineer,Hai’an,5/19/2024,2:46 PM
945,Librarian,Buenavista,5/5/2024,4:50 AM
946,Registered Nurse,Qiancang,5/12/2024,8:36 PM
947,Food Chemist,Alvaiázere,1/19/2024,10:56 AM
948,Chief Design Engineer,Manfalūţ,8/31/2024,10:14 AM
949,Junior Executive,Dabancheng,7/29/2024,3:59 PM
950,Account Executive,Keffi,7/19/2024,6:04 AM
951,Biostatistician III,Haokou,1/12/2024,9:05 AM
952,Statistician I,Kafr Takhārīm,6/4/2024,12:43 AM
953,Operator,Ila Orangun,2/2/2024,6:21 AM
954,Software Consultant,Hulan,1/30/2024,6:35 PM
955,Human Resources Assistant I,Ngawen,10/27/2023,8:04 PM
956,Executive Secretary,Huaguo,1/18/2024,12:30 PM
957,Business Systems Development Analyst,Cibalieur,7/20/2024,12:02 PM
958,Nuclear Power Engineer,Riverton,8/17/2024,10:27 AM
959,Sales Representative,Trinidad,12/11/2023,8:24 PM
960,Assistant Manager,Doroslovo,7/14/2024,1:01 AM
961,Systems Administrator II,Paris La Défense,12/15/2023,10:26 PM
962,Business Systems Development Analyst,Býšť,5/20/2024,11:45 AM
963,Safety Technician I,Las Vegas,8/21/2024,7:07 AM
964,Senior Cost Accountant,Delson,2/25/2024,2:44 AM
965,Chief Design Engineer,Shūsh,11/25/2023,12:29 AM
966,Junior Executive,Ytterby,9/12/2024,10:54 AM
967,Accounting Assistant I,Khodzha-Maston,1/25/2024,10:20 PM
968,Staff Accountant III,Adiwerna,11/20/2023,12:39 PM
969,Account Executive,Stockholm,10/24/2023,1:01 AM
970,Staff Scientist,Paritjunus,7/4/2024,8:53 AM
971,Health Coach III,Novotroitsk,3/26/2024,10:49 PM
972,Database Administrator II,Turka,2/2/2024,7:37 PM
973,GIS Technical Architect,Nansheng,2/8/2024,8:33 AM
974,Senior Developer,Seraya,5/9/2024,3:36 PM
975,Safety Technician II,Kalilu,7/31/2024,9:49 AM
976,Junior Executive,Maumere,1/22/2024,6:18 AM
977,Analyst Programmer,Concordia,7/16/2024,3:14 PM
978,Quality Control Specialist,Thị Trấn Hà Trung,4/1/2024,7:33 PM
979,Desktop Support Technician,Notre-Dame-de-l'Île-Perrot,6/25/2024,5:47 AM
980,Product Engineer,Kostyantynivka,2/12/2024,7:07 PM
981,Biostatistician IV,Cihurip Satu,1/27/2024,12:08 PM
982,Mechanical Systems Engineer,Setanggor,7/6/2024,4:41 AM
983,Software Test Engineer III,Dasht-e Qal‘ah,5/13/2024,8:44 AM
984,Human Resources Assistant II,Azacualpa,2/27/2024,9:30 AM
985,Marketing Manager,Urus-Martan,7/16/2024,5:21 PM
986,Clinical Specialist,Xinjiang,7/14/2024,2:33 AM
987,Structural Engineer,Luofang,5/5/2024,11:09 AM
988,Business Systems Development Analyst,Al ‘Ashshah,11/30/2023,11:12 PM
989,Cost Accountant,Wang Noi,11/15/2023,1:32 PM
990,Junior Executive,Jiashi,2/25/2024,6:26 PM
991,VP Product Management,Guyancourt,9/21/2024,4:46 AM
992,Payment Adjustment Coordinator,Biggar,8/4/2024,12:55 PM
993,Systems Administrator IV,Priyutovo,5/16/2024,2:14 AM
994,Geologist IV,Pocpo,11/29/2023,3:00 AM
995,Clinical Specialist,Oxelösund,12/29/2023,1:15 PM
996,GIS Technical Architect,Barong,11/14/2023,12:40 PM
997,Senior Quality Engineer,Huangben,4/15/2024,9:02 AM
998,Marketing Assistant,Isahaya,10/28/2023,4:49 AM
999,Nuclear Power Engineer,Weizheng,7/24/2024,3:16 PM
1000,Analog Circuit Design manager,Bom Conselho,10/31/2023,11:48 PM
